SEQ_ID,Castration-resistent_Met,Castration-resistent_nonMet,Met,Newly_diagnosed,Normal_male_controls,PSA-recurrent_nonMet
1_HSPA1A_3303,22,8,11,7,8,24
10_RPS28_6234,0,0,0,0,1,0
100_AKAP17A_8227,11,4,9,8,5,19
1000_H2AFY_9555,9,5,3,4,2,12
1001_ITPK1_3705,10,2,3,5,4,10
1002_PTPN11_5781,14,10,7,8,5,20
1003_EIF3J_8669,15,6,4,6,8,16
1004_TRIP12_9320,25,9,11,12,11,31
1006_YEATS2_55689,35,14,15,17,17,45
1007_SEL1L3_23231,19,7,10,8,6,21
1008_IDH1_3417,18,7,7,6,8,17
1009_TMEM85_51234,1,0,0,2,1,2
101_HSPH1_10808,31,10,15,14,13,33
1010_LDLR_3949,16,2,4,5,6,17
1011_FAM129B_64855,19,5,6,8,7,21
1012_MAP3K5_4217,28,10,12,15,10,32
1013_NEFH_4744,28,9,13,11,15,35
1014_RAP1B_5908,8,2,0,2,3,6
1015_MCCC1_56922,15,5,6,2,8,15
1017_MT1E_4493,0,0,0,0,0,0
1018_KRT8_3856,18,3,6,10,6,23
1019_PEA15_8682,2,1,0,3,0,5
102_LAPTM4A_9741,8,0,2,2,4,6
1020_NDUFA3_4696,2,1,2,2,3,10
1022_TXNDC5_81567,13,4,5,5,3,8
1023_STRA13_201254,3,1,0,0,0,0
1024_NPEPPS_9520,21,5,11,10,10,21
1025_YIPF6_286451,0,0,1,2,2,2
1026_CLIP1_6249,28,7,12,16,11,32
1027_SRSF7_6432,8,0,1,4,2,3
1028_UBE2Z_65264,13,2,6,6,5,18
1029_MRPL53_116540,4,0,1,0,1,3
103_RPS25_6230,4,2,3,3,2,3
1030_ABHD11_83451,6,2,0,3,5,13
1031_SOCS7_30837,16,7,7,8,10,20
1032_C1orf9_51430,25,8,11,10,9,34
1033_PCBD1_5092,2,2,1,5,3,5
1034_OCIAD2_132299,1,0,0,1,0,2
1035_RAB35_11021,4,2,3,2,2,4
1036_WWC1_23286,22,10,11,10,9,27
1037_SUZ12_23512,18,9,9,14,12,34
1038_ZNHIT1_10467,0,4,2,1,3,4
1039_ABAT_18,14,5,6,5,6,15
104_RPL23_9349,7,5,4,5,4,4
1040_DIAPH1_1729,26,9,12,14,13,30
1041_MLL_4297,32,14,14,16,16,43
1042_PTP4A2_8073,8,3,4,3,3,8
1043_LEPROT_54741,17,7,8,8,7,23
1044_ZFP36L2_678,19,3,3,8,9,21
1045_STRBP_55342,23,7,9,9,11,34
1046_SRRT_51593,26,9,11,16,12,27
1047_C4orf34_201895,1,1,0,0,0,1
1048_TSPYL4_23270,8,2,2,2,2,7
1049_ABLIM1_3983,21,9,5,7,8,22
105_HIST2H2AA4_723790,4,1,2,0,0,4
1050_PRCP_5547,18,3,2,6,4,10
1051_TRA2B_6434,13,4,5,5,6,14
1052_ARL6IP4_51329,15,9,9,7,7,22
1053_FAM127A_8933,2,1,0,0,2,2
1054_GLOD4_51031,11,3,6,5,5,16
1055_KIAA0146_23514,19,6,8,10,6,22
1056_KIAA0355_9710,27,4,7,13,13,32
1057_SRRM1_10250,19,9,6,10,8,20
1058_SLC25A3_5250,5,0,3,4,3,4
1059_NEMF_9147,29,11,12,16,14,30
106_RPLP2_6181,4,1,3,2,1,2
1060_CNP_1267,16,2,3,10,4,18
1061_GMNN_51053,12,0,6,5,4,18
1062_BCLAF1_9774,18,5,8,8,10,20
1063_ITGAV_3685,22,10,9,10,10,20
1064_TMEM184B_25829,8,1,2,2,1,9
1065_COX5A_9377,7,1,1,3,4,11
1066_PDPK1_5170,11,1,2,6,7,10
1067_C12orf57_113246,0,1,2,0,0,2
1068_NDUFAB1_4706,4,1,3,1,1,12
1069_PTRH2_51651,0,0,2,1,1,2
107_RPS27_6232,0,0,1,0,0,3
1070_MGST1_4257,8,2,3,5,3,11
1071_NRBP2_340371,6,5,4,2,1,14
1072_CTSB_1508,13,2,6,7,7,13
1073_GLTSCR1_29998,33,11,13,15,15,40
1074_LTA4H_4048,20,8,9,12,11,25
1075_WIPI2_26100,13,2,3,0,4,10
1076_TANC1_85461,33,11,12,12,14,36
1077_NPM1_4869,9,1,2,2,3,9
1078_EEF1G_1937,7,2,4,4,5,5
1079_IST1_9798,8,2,6,2,4,9
108_RPS12_6206,4,0,2,2,3,4
1080_IRX4_50805,13,1,6,3,5,21
1081_DDX3Y_8653,22,4,10,9,8,22
1082_MCM7_4176,21,6,7,5,7,24
1083_LAMC1_3915,31,11,10,14,9,32
1084_RAB10_10890,2,0,2,3,4,3
1085_FAM117B_150864,26,7,8,11,14,34
1086_RBPJ_3516,18,4,4,7,9,20
1087_GORASP2_26003,14,2,9,6,3,10
1088_PPIA_5478,6,0,4,2,3,8
109_PPAP2A_8611,3,0,1,2,0,2
1090_TSPYL5_85453,12,5,2,5,4,10
1091_RBBP6_5930,0,0,0,1,1,0
1092_B2M_567,0,1,0,0,0,5
1093_EIF1AX_1964,8,2,4,6,3,10
1094_IMPA1_3612,8,2,4,6,3,8
1095_NDUFA7_4701,4,0,2,1,0,0
1096_ANKHD1_54882,33,13,14,17,13,33
1097_CCDC28A_25901,11,4,3,3,3,18
1098_ARGLU1_55082,9,1,6,4,2,15
1099_WDR90_197335,16,5,8,7,5,20
11_MGC10814_84757,12,2,4,0,8,14
110_AMD1_262,6,1,1,4,3,8
1100_KIAA0494_9813,15,9,6,11,5,22
1101_ID1_3397,1,0,3,4,1,7
1102_BRD1_23774,23,6,6,11,9,24
1103_USO1_8615,15,9,9,13,15,29
1104_CHMP3_51652,5,0,3,1,0,8
1105_SGK1_6446,24,6,14,9,12,22
1106_SLC22A23_63027,15,3,7,7,10,14
1107_ACAT1_38,20,4,10,7,7,17
1108_CUX1_1523,32,13,13,13,14,36
1109_PSMB6_5694,5,0,4,2,3,5
111_GDF15_9518,2,2,1,1,0,4
1110_PGK1_5230,19,5,7,8,6,21
1111_KLF6_1316,2,3,2,3,3,5
1112_TGOLN2_10618,8,2,5,5,2,6
1113_PTPLB_201562,6,1,0,2,3,8
1114_STAG3L1_54441,3,0,2,0,0,3
1115_ZNF350_59348,12,4,4,7,6,15
1116_CDKN1C_1028,11,2,5,5,5,14
1117_C1orf122_127687,5,4,4,3,6,12
1118_SNHG12_85028,1,1,0,2,2,0
1119_TMEM42_131616,5,0,2,1,4,3
112_RPL19_6143,6,1,3,3,2,6
1120_LAPTM4B_55353,5,3,2,1,1,5
1121_RPL22L1_200916,4,2,1,2,2,12
1122_NFIL3_4783,16,3,7,6,13,20
1123_H2AFV_94239,2,1,0,0,0,2
1124_TIMM13_26517,1,1,0,1,0,5
1125_IGF2_3481,5,0,0,1,1,3
1126_RAD23B_5887,24,8,7,8,10,33
1127_IGF1R_3480,28,8,11,10,11,26
1128_C5orf15_56951,4,0,0,3,2,4
1129_EZH2_2146,18,4,9,10,10,19
113_LOC648771_648771,7,1,0,2,3,5
1130_RASSF3_283349,11,2,6,5,6,14
1132_SH3RF1_57630,22,9,9,10,10,28
1133_SMARCA1_6594,23,7,12,9,7,26
1134_C1QBP_708,4,1,0,0,0,3
1135_ARMC2_84071,14,6,6,12,8,23
1136_HPRT1_3251,6,1,3,3,8,13
1137_KAT6A_7994,29,12,12,16,16,41
1138_SNRNP200_23020,28,6,8,8,12,36
1139_NDUFA2_4695,7,0,0,2,0,11
114_SRRM2_23524,30,11,12,13,14,35
1140_PODXL_5420,17,2,6,8,13,18
1141_EIF4A3_9775,11,0,5,3,3,14
1142_NOP56_10528,16,6,3,5,6,12
1143_PHF2_5253,28,5,12,10,9,27
1144_ATP5I_521,0,2,2,3,0,1
1145_PRR15L_79170,6,2,1,1,2,8
1146_SSBP1_6742,2,1,3,2,3,11
1147_PPA1_5464,11,7,9,7,9,17
1148_GMPR2_51292,6,2,3,3,4,2
1149_ARF3_377,5,1,3,2,5,10
115_HMGN2_3151,8,1,2,1,1,6
1150_NME1_4830,3,0,0,1,0,5
1151_SAV1_60485,5,5,2,4,3,12
1152_HIST1H4L_8368,2,1,0,1,0,2
1153_SELK_58515,2,1,3,2,0,2
1154_CAMLG_819,5,1,4,1,2,5
1155_EIF5_1983,11,5,6,6,5,13
1156_PREPL_9581,14,4,8,8,5,13
1157_KRAS_3845,3,0,1,1,1,5
1158_SEMA4C_54910,15,6,5,7,6,21
1159_PIP4K2B_8396,13,4,6,4,7,11
116_TRIB1_10221,31,12,12,14,12,38
1160_CYFIP1_23191,21,6,7,9,5,19
1161_LINC00116_205251,2,0,0,0,0,2
1162_LIMS1_3987,7,2,1,3,4,13
1163_CARS2_79587,9,4,2,5,5,12
1164_PTDSS1_9791,3,2,1,0,1,2
1165_ICT1_3396,12,2,2,5,1,19
1166_EBPL_84650,1,1,1,1,0,1
1167_BZW2_28969,13,4,3,7,5,16
1168_MT1X_4501,0,0,0,0,0,0
1169_ILF2_3608,15,0,5,3,2,5
117_DHX9_1660,26,10,10,15,10,25
1170_MRPL43_84545,1,1,1,3,1,4
1171_SF3B1_23451,22,7,12,10,12,25
1172_NDUFB11_54539,0,1,3,2,4,9
1173_ATP1B1_481,10,4,6,11,5,15
1174_GAS5_60674,4,1,1,0,1,5
1176_ZNHIT3_9326,8,1,1,4,2,8
1177_C6orf106_64771,8,1,3,7,2,8
1178_C12orf51_283450,33,13,16,16,15,42
1179_CXXC5_51523,7,2,3,6,2,11
118_RPS7_6201,8,2,3,0,2,6
1180_ATP8B2_57198,19,8,12,9,11,26
1181_TM2D1_83941,5,0,1,3,1,8
1182_PHF10_55274,9,4,6,8,6,17
1183_MDK_4192,0,1,2,3,1,3
1184_RIPK4_54101,20,8,7,10,10,25
1185_ST6GAL1_6480,7,2,4,6,6,9
1186_WDR1_9948,12,4,7,3,9,16
1187_TDP2_51567,4,2,6,3,4,11
1188_RIC8A_60626,15,8,4,4,7,8
1189_HDAC1_3065,19,6,10,8,9,24
119_RPS10_6204,4,1,2,1,1,3
1190_HIST1H2AG_8969,4,1,2,0,0,2
1191_JUND_3727,31,7,13,14,12,38
1192_CNKSR3_154043,8,5,9,12,8,21
1193_HIST1H2BH_8345,2,2,1,0,1,5
1194_ANXA1_301,11,2,4,4,6,15
1195_TMEM125_128218,0,1,0,2,1,0
1196_ZFP62_643836,18,3,10,10,8,26
1197_GNAQ_2776,4,5,8,8,4,10
1198_FAM100B_283991,10,1,4,5,5,13
1199_PRKAR2A_5576,12,2,6,1,5,14
12_HSP90AA1_3320,14,5,8,6,8,21
120_NPIPL3_23117,8,4,3,4,4,15
1200_C11orf96_387763,25,10,11,10,12,37
1201_UIMC1_51720,12,7,5,7,5,13
1202_CTNNA1_1495,20,10,11,9,9,30
1203_SRSF1_6426,21,8,10,10,14,32
1204_TAF15_8148,25,10,9,14,12,28
1205_HIST1H2AH_85235,4,1,2,0,0,2
1206_CHCHD1_118487,4,0,5,1,1,6
1207_PAFAH1B1_5048,13,4,6,3,5,13
1208_SCFD1_23256,21,5,10,12,12,23
1209_DDX1_1653,17,9,8,11,11,28
121_OGT_8473,28,7,10,13,11,30
1210_SYBU_55638,14,6,5,4,7,18
1211_OCRL_4952,22,4,6,11,12,24
1212_PCF11_51585,31,9,9,16,14,38
1213_TIMM8B_26521,1,1,0,0,1,3
1214_ZNF587_84914,12,1,5,6,2,15
1215_ING5_84289,6,4,3,4,3,10
1216_UBE2I_7329,0,1,0,0,0,1
1217_C15orf61_145853,4,0,0,1,0,1
1218_CNOT2_4848,18,7,8,11,7,25
1219_FOPNL_123811,7,1,2,2,2,6
122_RPS21_6227,4,3,1,2,3,2
1220_PKP3_11187,17,5,4,7,6,24
1221_COMMD3_23412,7,0,1,2,2,6
1222_SMARCC2_6601,24,10,11,13,11,30
1223_EIF3M_10480,14,2,4,3,4,10
1224_RABGAP1_23637,22,8,13,9,14,30
1225_RNF114_55905,6,0,1,2,0,4
1226_PITPNA_5306,11,4,2,3,5,7
1227_HRASLS5_117245,3,2,3,4,3,8
1228_HPGD_3248,7,4,1,4,5,10
1229_TCEB2_6923,3,1,4,2,2,9
123_NEDD4L_23327,25,7,9,9,8,30
1230_MBOAT2_129642,9,2,6,1,4,11
1231_FAM49B_51571,8,2,4,6,4,11
1232_TOR3A_64222,8,3,1,11,7,16
1233_SUB1_10923,3,0,2,3,3,3
1235_VAMP8_8673,0,1,0,0,1,4
1236_KLHDC10_23008,34,14,15,18,17,45
1238_IFITM1_8519,1,0,0,2,2,2
124_SHFM1_7979,4,0,4,2,3,6
1240_NOP10_55505,3,1,0,0,1,1
1241_C21orf33_8209,8,2,5,0,5,12
1242_THOC2_57187,28,12,13,8,13,29
1243_DUSP16_80824,18,5,10,9,7,20
1244_ETFB_2109,2,2,2,4,1,4
1245_MCTS1_28985,8,2,3,6,3,9
1246_TAF1C_9013,10,4,5,5,7,15
1247_CRYL1_51084,5,2,2,6,4,6
1248_DHTKD1_55526,16,5,8,8,6,20
1249_ALDH1A3_220,18,6,8,5,10,25
125_RPS27A_6233,9,6,2,2,0,9
1250_MRPS35_60488,3,0,1,3,3,5
1251_SNX12_29934,2,3,2,5,5,11
1252_SMG1_23049,31,12,14,15,12,42
1253_ANKRD11_29123,35,14,14,14,15,41
1254_C19orf50_79036,4,0,3,3,2,4
1255_SUPT4H1_6827,6,2,2,5,3,7
1256_C19orf28_126321,2,0,3,0,1,3
1257_PMVK_10654,5,1,0,1,2,3
1258_SRSF10_10772,6,1,1,3,4,3
1259_HPS4_89781,10,2,5,2,0,12
126_ND4_4538,22,8,8,7,11,32
1260_C1orf63_57035,8,2,2,6,3,7
1261_PIGT_51604,13,2,5,5,2,13
1262_HSF1_3297,12,2,2,3,2,10
1263_FBXO25_26260,5,0,0,1,1,5
1264_CAST_831,26,9,11,12,13,31
1265_THOC3_84321,5,5,4,8,4,8
1267_PPAPDC1B_84513,4,0,3,1,3,3
1268_XYLT2_64132,16,5,7,9,6,18
1269_SLC37A3_84255,9,2,2,4,6,8
127_PIM3_415116,3,2,0,2,4,5
1270_EIF2AK1_27102,18,3,7,6,1,16
1271_SS18L2_51188,8,1,1,2,2,9
1272_GTPBP4_23560,13,3,2,4,9,16
1273_NFIA_4774,25,11,7,10,9,25
1274_C19orf63_284361,29,9,11,11,15,39
1275_SNRPB2_6629,11,2,1,5,2,6
1276_LSM5_23658,2,2,1,2,2,4
1277_FABP5_2171,5,1,0,1,2,1
1278_GADD45B_4616,1,1,2,1,2,2
1279_MFN2_9927,8,3,6,7,8,16
128_RPL35A_6165,0,0,0,0,0,0
1280_FZD4_8322,8,3,4,4,4,10
1281_SNRPE_6635,0,0,0,0,0,2
1282_RARS_5917,13,5,5,8,11,22
1283_TCEAL3_85012,11,3,6,3,7,10
1284_MGP_4256,1,0,1,1,0,1
1285_MICAL2_9645,21,7,7,6,5,23
1286_BCL6_604,12,4,8,6,7,20
1287_MYO6_4646,27,13,12,12,11,31
1288_COPS3_8533,9,2,2,4,5,13
1289_MSH6_2956,19,6,8,8,11,22
129_NBPF3_84224,11,2,5,7,6,16
1290_TARP_445347,3,1,0,1,3,9
1291_C19orf79_100131801,4,1,1,3,1,7
1292_RAN_5901,3,4,2,1,5,13
1293_AMACR_23600,10,0,5,2,6,13
1294_CAPRIN1_4076,13,7,9,11,10,26
1295_MIEN1_84299,6,0,3,2,2,2
1296_EXOC7_23265,13,7,7,7,4,18
1297_NRD1_4898,24,7,8,12,12,32
1298_MYO19_80179,14,5,5,5,4,14
1299_SYPL1_6856,4,1,1,4,2,7
13_H3F3A_3020,1,1,0,1,1,1
130_HLA-C_3107,5,1,3,3,2,8
1300_C19orf56_51398,1,0,2,1,0,1
1301_PAICS_10606,7,5,3,5,6,11
1302_NUCB2_4925,19,4,7,5,12,25
1303_RUFY1_80230,22,9,12,9,6,27
1304_KLK3_354,4,0,2,0,1,3
1305_PSMD1_5707,18,8,8,8,6,17
1306_SLC38A1_81539,11,2,5,5,6,7
1307_TSG101_7251,13,6,8,5,5,17
1308_DPM1_8813,1,0,0,3,2,4
1309_RAB3IP_117177,8,5,5,3,3,15
131_POM121_9883,5,2,1,2,2,5
1310_TADA3_10474,9,7,7,10,7,23
1311_TBC1D14_57533,15,8,5,4,7,22
1312_TAB2_23118,16,5,5,10,7,22
1313_GLRX5_51218,29,8,13,16,14,36
1314_RCN1_5954,19,6,9,11,6,24
1316_DNAJB1_3337,11,4,6,10,8,22
1317_MYC_4609,9,1,2,6,4,12
1318_GANAB_23193,9,6,5,7,3,15
1319_ARL6IP5_10550,1,1,0,1,0,3
132_RPL21_6144,3,1,0,0,1,4
1320_FARSB_10056,13,3,2,8,7,20
1321_MLLT4_4301,28,12,12,17,12,39
1322_NIT2_56954,5,2,2,4,2,10
1323_LBH_81606,4,0,4,0,4,2
1324_KIAA1430_57587,23,8,4,5,6,20
1325_KIAA1324_57535,15,3,5,6,4,17
1326_PPP1CC_5501,7,1,1,1,2,8
1327_SELENBP1_8991,8,2,0,4,6,11
1328_MT1L_4500,0,0,0,0,0,0
1329_HMOX1_3162,9,2,2,1,5,15
133_UQCRQ_27089,2,1,0,0,0,2
1330_PDIA4_9601,23,9,9,8,9,32
1331_SDF4_51150,22,11,10,10,6,24
1332_IP6K2_51447,9,5,4,2,3,14
1333_TMCO3_55002,20,4,6,9,8,13
1334_HGSNAT_138050,8,3,3,4,3,10
1335_KTN1_3895,28,10,12,9,10,35
1336_RAB18_22931,6,2,2,1,4,8
1337_SIDT2_51092,19,2,3,6,5,18
1338_TOP1MT_116447,15,5,4,6,7,11
1339_RNASET2_8635,7,2,3,3,2,7
134_CD99_4267,3,1,0,1,1,6
1340_VSIG10L_147645,10,2,6,7,6,13
1341_RABAC1_10567,10,4,4,3,1,8
1342_ISCA2_122961,3,0,0,0,5,6
1343_DAAM1_23002,27,9,14,10,8,28
1344_SEC31A_22872,24,9,9,10,8,33
1345_ENOSF1_55556,6,2,4,1,2,9
1346_HBXIP_10542,5,0,1,1,1,5
1347_ARL2BP_23568,13,9,5,6,5,15
1348_ARFIP1_27236,11,3,3,6,5,12
1349_NMT1_4836,14,6,2,9,8,20
135_TRMT112_51504,5,0,2,0,2,3
1350_MDH1_4190,8,3,3,4,3,7
1351_NAA38_51691,2,0,1,0,2,1
1352_THOC4_10189,17,6,10,5,10,22
1353_LAS1L_81887,15,6,7,10,3,17
1354_SET_6418,13,5,5,4,4,13
1355_SIVA1_10572,3,0,0,2,2,1
1356_MT1H_4496,0,0,0,1,0,0
1357_BZW1_9689,17,6,4,8,2,18
1358_TOM1L2_146691,15,5,6,7,10,15
1359_SP3_6670,26,11,8,11,14,33
136_RPL17_6139,1,1,0,1,0,3
1360_DCAF13_25879,12,2,4,7,4,15
1361_IARS_3376,16,6,8,7,7,25
1362_ADD1_118,20,6,7,4,9,23
1363_LEF1_51176,11,5,5,7,5,16
1364_DHCR7_1717,4,2,2,1,2,5
1365_RAB5A_5868,6,3,1,5,2,9
1366_YIPF1_54432,5,0,1,2,1,2
1367_KIF13B_23303,25,10,13,14,14,32
1368_VEZF1_7716,14,4,4,7,6,14
1369_JUNB_3726,31,13,14,16,16,43
137_RPL14_9045,0,1,1,3,1,6
1370_GOLPH3_64083,15,3,6,5,5,18
1371_FBXL5_26234,17,7,10,6,11,28
1372_TPD52L1_7164,5,0,1,4,2,8
1373_TPM3_7170,11,3,6,6,7,16
1374_PSMA6_5687,9,2,2,5,4,5
1375_ARID4B_51742,30,12,15,17,16,37
1376_MORF4L2_9643,12,2,3,4,5,14
1377_TRIM2_23321,24,8,9,12,6,29
1378_CHD7_55636,31,11,15,17,12,38
1379_KPNA4_3840,14,6,6,7,5,16
138_RPL37_6167,0,1,0,1,0,1
1380_PSMD3_5709,12,3,4,8,5,8
1381_ARPC5L_81873,6,2,1,5,2,9
1382_PGC_5225,6,2,5,5,6,11
1383_SYNCRIP_10492,15,6,6,10,8,20
1384_GRB2_2885,10,2,3,4,1,7
1385_ITGB1_3688,17,8,4,7,7,24
1386_RALGAPA2_57186,25,7,11,11,11,40
1387_RPA1_6117,22,7,4,13,9,21
1388_RBBP4_5928,12,5,6,8,6,20
1389_NDUFS6_4726,4,0,3,2,2,6
139_BBS5_129880,14,4,7,4,7,11
1390_BEX2_84707,3,1,3,2,2,3
1391_PDIA5_10954,15,2,5,8,7,17
1392_C20orf108_116151,1,1,0,2,1,3
1393_PSMB7_5695,6,0,1,0,1,9
1394_PCGF3_10336,6,3,3,6,2,10
1395_CCT6A_908,12,7,6,6,5,18
1396_HIST2H2AB_317772,3,1,0,0,0,3
1397_SAR1B_51128,3,2,0,1,0,3
1398_BANP_54971,13,5,4,5,3,13
1399_PSCA_8000,1,0,1,0,1,1
14_UBOX5_22888,12,3,2,7,2,15
140_HSPE1_3336,3,1,1,3,0,6
1400_FOXJ3_22887,15,2,6,7,5,18
1401_NDUFA13_51079,6,1,2,1,1,3
1402_A2M_2,19,7,7,7,10,19
1403_HGS_9146,22,5,8,12,10,32
1404_DPYSL3_1809,24,7,9,10,8,23
1405_ATXN2_6311,31,10,12,15,16,38
1406_CCDC85C_317762,32,9,14,16,13,45
1407_FXR1_8087,17,4,10,9,7,16
1408_ESRP2_80004,10,2,4,4,7,15
1409_MAP2K3_5606,16,5,6,11,9,23
141_CAMKK2_10645,8,3,7,4,8,14
1410_MAGOHB_55110,4,2,2,2,3,10
1411_MAFG_4097,4,2,2,3,0,7
1412_KLHDC9_126823,0,0,0,0,3,1
1413_PSMD7_5713,15,2,6,9,6,17
1414_PPP6C_5537,4,1,3,5,5,10
1415_PFDN2_5202,5,0,2,4,6,14
1416_NAAA_27163,3,0,4,5,4,7
1417_XRN1_54464,25,9,15,14,15,34
1418_YBX1_4904,16,2,7,11,9,26
1419_TBL1XR1_79718,18,5,8,7,10,16
142_RPL13_6137,0,1,0,2,0,4
1420_TCF3_6929,21,4,12,10,9,26
1421_DUSP12_11266,18,4,3,5,7,16
1422_CADM1_23705,11,3,5,4,3,13
1423_CHCHD7_79145,3,0,3,1,6,7
1424_ITPRIPL2_162073,5,0,2,2,4,6
1425_SSRP1_6749,16,6,5,8,6,17
1426_FAM164A_51101,11,3,6,5,6,12
1427_PFKM_5213,15,5,7,8,5,14
1428_MRPS14_63931,1,1,1,0,1,2
1429_FRMD8_83786,3,1,1,2,3,4
143_STX16_8675,7,4,1,4,5,13
1430_DLD_1738,11,4,4,7,9,14
1431_ZNF462_58499,32,12,15,17,14,35
1433_SASH1_23328,31,8,12,13,11,30
1434_PKN2_5586,25,10,13,11,11,37
144_SPON2_10417,8,2,3,2,4,10
145_IGFBP7_3490,13,2,4,8,10,15
146_SMPD4_55627,17,4,7,7,9,11
147_RPL36_25873,1,1,0,2,0,1
148_PERP_64065,2,1,2,1,1,3
149_RPS11_6205,6,1,0,0,1,8
1490_LGALS3_3958,13,1,4,6,7,17
15_NDRG1_10397,11,5,2,3,6,11
150_YWHAG_7532,12,0,1,5,2,7
151_ILDR1_286676,15,3,9,7,7,22
152_FAM162A_26355,2,2,3,2,0,4
153_C1orf198_84886,17,2,10,9,5,20
154_SYNGR2_9144,10,1,4,8,5,13
155_C11orf75_56935,0,1,0,2,0,0
156_ARF1_375,3,1,2,2,4,8
157_RPS13_6207,3,0,1,1,2,3
158_NUPR1_26471,8,1,1,2,3,8
159_MGST2_4258,0,1,0,0,1,2
16_ORAI1_84876,5,2,2,4,3,7
160_DUSP1_1843,8,0,3,0,3,9
161_CDK2AP1_8099,6,1,2,3,5,7
162_CEBPD_1052,10,4,1,4,3,12
163_ATP13A3_79572,19,6,8,9,8,19
164_UBC_7316,2,1,2,1,0,2
165_LSM14A_26065,25,6,6,8,8,20
166_RPS17_6218,0,0,1,1,2,3
167_ATP5E_514,9,1,2,1,0,4
168_C16orf53_79447,2,1,1,2,1,5
169_OAZ1_4946,9,1,4,1,2,7
17_CYTB_4519,3,2,2,2,2,7
170_C15orf63_25764,2,1,2,3,1,5
171_NDUFA1_4694,2,0,0,0,0,0
172_GOLGA6L9_440295,10,3,6,6,6,14
173_NME2_4831,3,0,0,1,0,5
174_YWHAZ_7534,12,3,1,7,4,10
175_IRF2BP2_359948,14,7,3,5,5,18
176_ORC6_23594,7,3,2,2,4,10
177_RPL10A_4736,2,3,0,1,2,6
178_ZC3H11A_9877,13,3,6,5,5,19
179_ATF4_468,13,2,3,7,6,14
18_RPL18_6141,0,1,0,1,1,3
180_GLTSCR2_29997,7,2,6,3,7,17
181_ATP5L_10632,6,3,3,2,3,7
182_PRNP_5621,18,4,7,7,5,21
183_CD24_100133941,9,1,1,3,5,6
184_CHCHD2_51142,9,2,3,3,3,8
185_NGFRAP1_27018,2,0,0,0,1,2
186_PSMB1_5689,6,1,2,1,1,8
187_INE1_8552,1,2,0,0,1,1
189_SPINT2_10653,3,2,0,0,1,4
19_NPIP_9284,1,3,0,3,1,4
190_ND5_4540,6,0,3,2,5,9
191_CMTM6_54918,6,0,0,2,0,5
192_NPY_4852,6,2,1,0,2,4
193_ATP6_4508,13,4,9,5,5,12
194_ATP6V0C_527,6,0,0,1,0,3
195_NDUFB9_4715,2,1,3,1,4,5
196_HNRNPM_4670,22,8,8,7,11,32
197_GGCT_79017,10,3,3,3,3,11
198_ATP9A_10079,15,5,8,6,3,16
199_MAEA_10296,13,3,7,4,5,18
2_AR_367,32,12,12,13,15,39
20_DBI_1622,4,1,0,1,2,3
200_BRI3_25798,0,0,0,0,1,1
201_TPD52_7163,12,6,4,10,7,13
202_NACA_4666,34,14,14,17,17,42
203_TMEM87A_25963,7,3,6,7,4,10
204_SEC11C_90701,15,6,6,8,5,18
205_HSPB1_3315,2,0,1,0,0,0
206_DAZAP2_9802,11,1,3,6,4,9
207_FAU_2197,1,1,2,0,1,3
208_TBCA_6902,8,1,4,4,1,2
209_RPL41_6171,0,3,0,0,0,2
21_GTF2I_2969,20,6,9,10,10,19
210_POTEG_404785,11,3,3,5,6,10
211_RPS15_6209,2,2,1,3,4,9
212_ZRANB2_9406,19,5,9,8,4,20
213_HMGN2P46_283651,1,1,0,2,2,7
214_UQCRB_7381,4,2,0,4,4,10
215_ATP6V1G1_9550,3,0,1,1,0,7
216_WDR6_11180,24,7,6,9,2,21
217_CD63_967,4,1,2,0,0,5
218_CHKA_1119,7,1,3,3,3,12
219_RPL36AL_6166,2,2,0,1,1,2
22_EXOC3L2_90332,2,1,1,3,3,5
220_KHSRP_8570,33,12,15,16,17,44
221_BACE2_25825,9,1,6,3,3,10
222_ACSS1_84532,8,1,5,1,2,11
224_RPL23A_6147,1,2,0,4,1,7
225_COX5B_1329,0,1,0,2,1,1
226_RPS19_6223,4,2,3,2,0,8
2261_KLK2_3817,6,1,1,1,6,11
227_C20orf3_57136,9,1,3,1,3,5
228_PSME2_5721,6,0,3,1,3,5
229_SOD1_6647,12,2,2,3,3,9
23_ND2_4536,9,2,4,2,0,8
230_RPS26_6231,2,1,2,0,1,2
231_B4GALT1_2683,6,0,0,1,1,8
232_ACPP_55,10,1,3,2,0,2
233_COX7A2_1347,2,0,1,0,0,2
234_ARPC3_10094,11,3,2,6,4,4
235_ATP2C1_27032,16,1,6,6,5,15
238_CASC3_22794,24,7,11,14,11,30
239_DDR1_780,12,3,9,10,4,22
24_ATP5G2_517,8,3,1,6,1,5
240_USP11_8237,15,6,4,10,5,20
241_RAB3D_9545,4,1,3,2,5,6
242_HMGB2_3148,8,5,2,3,4,12
243_NFKBIA_4792,4,0,1,3,1,6
244_RPL7_6129,5,5,1,6,0,8
245_HNRNPC_3183,11,6,6,8,4,12
246_NDUFB4_4710,3,0,1,2,1,8
247_UBA52_7311,3,2,2,1,0,3
248_OR51E2_81285,1,0,0,0,1,3
249_CCDC72_51372,2,1,1,1,1,1
25_PEBP1_5037,6,2,0,1,4,9
250_KPNB1_3837,21,8,7,12,10,22
251_COX2_4513,22,7,7,9,7,25
252_NDUFC1_4717,1,0,0,2,2,0
254_HILPDA_29923,0,0,1,0,0,1
255_RANBP2_5903,33,11,16,16,16,43
256_PARK7_11315,5,1,1,4,1,8
257_HIST3H3_8290,0,1,0,0,3,0
258_C6orf62_81688,4,3,4,6,3,7
259_ANAPC11_51529,0,0,0,1,0,0
26_RPL31_6160,3,4,0,1,2,4
260_EMP2_2013,3,1,1,0,2,3
261_APLP2_334,29,12,10,15,8,32
262_HSPD1_3329,20,5,11,11,10,27
263_RPL27_6155,0,1,1,2,2,2
264_SEC11A_23478,2,0,4,3,4,3
266_UTRN_7402,31,14,15,18,15,42
267_ACTB_60,6,2,1,3,0,4
268_ADM_133,6,2,2,5,2,9
269_ATP5H_10476,9,5,5,5,7,13
27_NBPF15_284565,11,5,6,4,4,18
270_COX3_4514,2,0,0,0,0,1
271_RPS4X_6191,21,8,9,5,7,20
272_HBB_3043,1,0,0,2,1,4
273_MAGED1_9500,28,7,10,14,10,39
274_SNRPD3_6634,3,3,1,2,2,8
275_RPL37A_6168,2,0,0,0,0,4
276_TMBIM6_7009,1,0,0,1,1,2
277_SNHG8_100093630,1,0,1,0,0,1
278_SSR2_6746,0,0,0,0,1,2
279_CTDSP2_10106,8,1,1,2,1,4
28_EEF1D_1936,16,3,5,9,5,16
280_C11orf31_280636,2,0,1,4,1,3
281_RPL29_6159,4,3,1,1,1,3
282_SERP1_27230,1,0,0,1,1,1
283_MZT2B_80097,1,0,0,0,0,4
284_DSP_1832,34,13,14,15,12,44
285_NPRL3_8131,7,5,4,4,1,5
286_NFIC_4782,25,11,7,8,9,29
287_USMG5_84833,0,0,0,0,0,0
288_PUM1_9698,24,10,15,15,13,40
289_NDUFA8_4702,6,2,2,5,4,8
29_HSP90B1_7184,25,5,8,10,6,20
290_BRD2_6046,17,4,6,8,8,15
291_CTBP2_1488,7,0,1,3,2,8
292_CSNK1D_1453,11,6,5,5,5,12
293_RPL7A_6130,5,1,0,3,1,5
295_ULK1_8408,18,7,8,9,7,16
296_NDUFS5_4725,6,3,3,1,2,7
297_UQCRH_7388,0,0,0,0,0,2
298_RPL24_6152,2,1,0,1,2,5
299_NDUFC2_4718,1,0,0,0,0,0
3_ND3_4537,5,0,0,2,0,6
30_LOC100132247_100132247,8,4,3,4,4,15
300_GNL3_26354,16,7,5,7,7,16
301_ANKRD37_353322,4,0,4,0,2,6
302_SRSF3_6428,9,1,1,4,6,8
303_RPL13AP3_645683,1,1,0,0,0,3
304_ZNF706_51123,1,1,0,1,1,1
305_NFE2L1_4779,22,5,9,10,8,30
306_LBR_3930,6,1,0,3,3,5
308_MIF_4282,4,1,2,2,0,3
309_TMC8_147138,8,1,2,2,2,4
31_MAT2A_4144,9,4,3,5,7,18
310_AKAP1_8165,12,4,5,3,6,18
311_EFNA1_1942,5,0,1,1,0,4
312_GABARAPL2_11345,2,0,2,1,0,1
313_ATP6AP1_537,14,5,7,7,7,8
314_TUG1_55000,1,0,0,0,0,2
315_SOX4_6659,29,10,14,13,13,42
316_HIST1H1C_3006,6,1,2,1,3,6
317_RPL13A_23521,4,1,0,1,1,4
318_MINOS1_440574,1,0,0,1,0,1
319_TUBB4B_10383,12,2,2,8,5,14
32_CDH1_999,16,4,8,8,8,17
320_MLEC_9761,13,2,1,2,5,12
321_SSB_6741,16,6,7,7,6,20
322_ARF4_378,4,1,1,2,3,5
323_TMEM50A_23585,0,0,0,3,2,4
324_CELF1_10658,13,2,6,10,7,23
325_RPS14_6208,1,1,2,1,0,4
326_FPGS_2356,12,1,2,4,2,10
327_AP3D1_8943,20,6,9,7,10,23
328_C14orf2_9556,0,1,1,1,0,0
329_FOLH1_2346,22,8,7,13,9,25
33_ANKK1_255239,12,2,5,3,3,10
330_FKBP2_2286,1,0,2,1,3,3
331_HIST1H2AD_3013,5,1,2,0,0,2
332_RPL8_6132,5,6,5,4,6,14
333_HNRNPA3_220988,32,10,13,16,14,43
334_RALBP1_10928,7,3,4,9,5,17
335_BNIP3_664,10,0,4,3,3,10
336_STEAP1_26872,7,2,2,4,4,3
337_ATP1B3_483,5,1,1,0,3,8
338_DUT_1854,11,2,2,3,5,2
339_SEPW1_6415,1,1,1,2,0,3
34_PTPRF_5792,23,9,9,10,12,27
340_H2AFJ_55766,4,1,2,0,0,3
341_KRTCAP2_200185,0,1,0,0,0,0
342_HNRNPH1_3187,10,3,2,8,5,11
343_TARDBP_23435,17,3,5,9,6,18
344_SEPT9_10801,19,9,7,9,10,21
345_CCDC56_28958,4,0,0,0,0,1
346_WASH2P_375260,13,5,9,6,6,20
347_TDG_6996,12,2,3,2,9,13
348_RPS16_6217,4,2,0,2,1,7
349_PARP1_142,30,9,14,13,10,32
35_MYO1C_4641,23,7,9,11,8,19
350_RPL28_6158,1,0,0,0,0,1
351_CCT4_10575,13,3,7,5,4,21
352_HP1BP3_50809,17,4,4,5,7,17
353_GPI_2821,8,4,3,2,6,14
354_SLC12A7_10723,14,5,7,10,13,24
355_CYB5R3_1727,12,2,8,7,7,15
356_DNAJA4_55466,7,2,6,6,4,14
357_SKP1_6500,5,1,0,4,3,8
358_PPP3CA_5530,13,3,4,7,6,18
359_UHMK1_127933,9,3,6,7,4,17
36_SEC61B_10952,4,0,1,1,0,0
360_SREBF1_6720,24,3,9,10,12,35
361_EIF1_10209,7,3,1,5,2,8
362_CYP1B1_1545,15,3,8,9,5,16
363_EEF1B2_1933,7,1,7,3,4,8
364_TCF25_22980,16,9,5,7,7,20
365_SNRNP70_6625,8,5,3,4,4,12
366_TMEFF2_23671,16,1,3,4,7,8
367_TUBA1B_10376,7,2,2,5,1,10
368_PSMB4_5692,11,1,4,1,5,12
369_KIAA1244_57221,27,6,8,7,11,27
37_RPL34_6164,0,2,0,0,0,1
370_NACA2_342538,8,3,4,2,4,12
371_CAPZA1_829,12,5,7,8,5,15
372_LSM3_27258,5,1,0,2,0,3
373_MTCH1_23787,32,11,10,18,13,41
374_BRP44_25874,0,0,0,0,1,1
375_GPX1_2876,2,0,1,3,0,1
376_MSMB_4477,2,0,0,2,2,4
377_PDE4C_5143,18,4,4,7,7,13
378_SNRPF_6636,5,1,0,0,0,2
379_ELP2_55250,9,1,4,8,4,10
38_PDLIM5_10611,16,4,2,7,7,22
380_HLA-G_3135,7,1,6,5,1,5
381_PRRC2B_84726,7,1,3,1,6,4
382_UQCR10_29796,0,0,1,0,1,2
383_TBC1D8_11138,24,7,6,8,8,24
385_EIF3D_8664,10,3,10,3,1,20
386_LRRC8A_56262,11,4,4,10,6,13
387_RPS3A_6189,14,11,8,6,7,10
388_SND1_27044,16,6,8,15,10,25
389_RPL6_6128,6,2,2,3,6,10
39_SLC35E4_339665,2,1,1,2,2,5
390_IGFBP2_3485,7,2,3,7,5,15
391_NDUFB2_4708,1,1,0,0,1,2
392_SPARC_6678,4,0,1,1,1,3
393_COX7C_1350,0,0,0,0,0,1
394_NDUFA4_4697,4,1,0,3,1,3
395_CRNDE_643911,0,0,1,2,1,2
396_PFDN5_5204,12,4,2,7,2,15
397_STMN1_3925,4,0,4,2,2,8
398_PDXDC1_23042,12,7,6,8,3,20
399_UQCR11_10975,2,1,2,1,0,2
4_MALAT1_378938,2,1,1,1,1,1
40_TMPRSS2_7113,13,4,3,7,7,15
400_CKB_1152,9,5,2,2,1,14
401_RPN1_6184,14,5,8,6,8,20
402_C12orf62_84987,1,1,0,1,0,2
403_CUTA_51596,1,0,1,1,2,1
404_ELL2_22936,25,6,12,11,9,27
405_BCAM_4059,10,4,2,8,7,17
407_EDEM3_80267,28,9,9,12,13,23
408_HNRNPK_3190,19,8,5,11,9,19
409_TPM1_7168,10,4,6,3,6,19
41_NKX3-1_4824,4,0,2,2,1,10
410_C6orf115_58527,3,1,1,0,2,2
411_PPDPF_79144,2,1,1,1,1,0
412_RPS4Y1_6192,12,6,5,3,6,16
414_DSTN_11034,6,3,2,1,2,9
415_EPAS1_2034,24,11,9,12,9,32
416_CCDC47_57003,15,4,6,9,8,20
417_PNISR_25957,19,6,7,9,10,20
418_ALDH2_217,18,4,7,8,5,20
419_HK2_3099,20,3,8,5,7,21
42_RPL35_11224,1,2,0,1,1,4
420_NDUFB1_4707,3,2,2,1,2,2
421_DNAJB2_3300,9,4,3,10,5,16
422_EIF3C_8663,17,7,11,10,6,24
423_KRT18_3875,15,5,5,5,3,18
424_SHISA5_51246,5,0,2,3,3,10
427_SURF4_6836,5,0,4,1,2,6
428_SPCS2_9789,14,6,4,7,8,23
429_CYB561_1534,1,0,0,1,2,1
43_PXN_5829,20,5,7,10,6,19
430_NPC2_10577,2,1,3,1,1,4
431_ACTG1_71,6,2,1,3,0,4
432_ATP5G3_518,4,1,2,6,2,13
433_CANX_821,19,3,7,13,6,18
434_HNRNPA1_3178,26,6,8,14,11,32
435_ZNF24_7572,7,2,2,5,2,7
436_PRAC_84366,3,0,0,0,0,0
437_PRR13_54458,6,2,1,5,4,7
438_AHCY_191,12,2,5,5,7,12
439_TAX1BP1_8887,24,6,11,10,9,28
44_RPLP1_6176,4,0,4,0,1,4
440_NOP58_51602,8,3,3,2,6,13
441_NSUN5P2_260294,5,2,1,2,2,5
442_PNRC1_10957,10,3,5,5,4,19
443_BMPR1B_658,8,3,3,1,3,9
444_CBS_875,5,1,4,3,3,11
445_MARCKS_4082,10,4,4,4,7,16
446_RPL26_6154,2,2,0,2,2,2
447_SEC61G_23480,0,0,0,0,0,2
448_GOLGA4_2803,31,10,14,16,15,39
449_GALNT11_63917,15,5,4,8,9,17
45_MKNK2_2872,11,5,2,4,6,11
450_MRPS18B_28973,3,0,2,2,4,9
451_SLIRP_81892,1,0,0,1,0,4
452_CHSY1_22856,18,3,8,6,7,14
453_NCL_4691,19,9,7,9,10,24
454_CALM2_805,9,4,6,8,5,15
455_DYNLL1_8655,3,0,0,0,2,4
456_PDCD6_10016,2,1,0,2,0,4
457_NEK9_91754,26,10,13,13,13,34
458_RBM8A_9939,1,0,1,1,3,3
459_CLTC_1213,23,7,7,7,13,26
46_ERGIC1_57222,3,3,4,4,5,11
460_NOTCH2_4853,24,8,11,14,8,26
461_C7orf28B_221960,24,6,4,10,9,22
462_EIF3E_3646,8,4,3,3,9,16
463_ATPIF1_93974,2,0,1,1,3,4
464_MAVS_57506,14,4,6,4,2,17
465_DHCR24_1718,8,2,2,3,1,3
466_ARPC2_10109,10,2,4,2,3,9
467_PCBP1_5093,4,2,6,3,4,8
468_DGCR2_9993,12,2,4,4,7,11
469_ASRGL1_80150,14,3,3,3,6,11
47_ARL6IP1_23204,7,1,0,2,2,3
470_SCCPDH_51097,10,2,3,4,4,8
471_NDUFB8_4714,3,3,1,2,3,9
473_RPL5_6125,13,2,5,5,0,8
474_RPL18A_6142,0,0,1,0,0,1
475_PDHA1_5160,8,5,2,5,6,14
476_EIF3H_8667,11,7,5,8,6,20
477_SRSF5_6430,10,3,3,7,5,12
478_VDAC1_7416,11,1,4,4,5,13
48_RPS6_6194,4,2,3,4,0,8
481_ATP5O_539,4,2,0,2,2,5
482_SSR4_6748,3,1,3,2,1,2
483_EML4_27436,19,6,6,8,5,19
484_CYB5A_1528,4,2,1,1,0,1
485_TSPAN1_10103,8,1,1,3,2,8
486_SRPR_6734,21,5,2,5,5,14
487_CTSF_8722,9,4,5,3,3,10
488_MYL12B_103910,9,3,4,4,3,14
489_MTMR4_9110,16,3,4,7,10,26
49_U2AF1_7307,16,7,12,11,11,27
490_ABCC5_10057,5,2,2,3,2,3
491_KDELR2_11014,0,1,0,0,0,1
492_DAP3_7818,13,3,5,3,4,11
493_HOXB13_10481,10,3,5,6,7,16
494_MT2A_4502,0,0,0,0,0,0
495_EIF4H_7458,7,1,6,5,3,9
496_CNPY2_10330,2,1,1,3,3,6
497_STARD3NL_83930,2,0,0,0,0,2
498_PIGY_84992,3,2,0,3,2,3
499_TCEAL4_79921,11,4,2,7,8,13
5_GGT6_124975,6,1,0,4,5,4
50_HERPUD1_9709,7,2,4,7,6,9
500_F11R_50848,8,3,2,1,2,8
501_POLR2H_5437,17,6,7,7,6,20
502_NBPF10_100132406,11,5,6,4,4,18
503_KIF5C_3800,21,10,13,10,8,34
504_IER2_9592,2,0,1,2,0,8
506_SPOCK1_6695,20,2,9,9,9,18
507_H1F0_3005,6,3,1,1,1,1
509_PILRB_29990,4,0,1,0,1,0
51_SLC45A3_85414,13,3,4,7,8,18
510_CDC42_998,5,0,0,4,2,7
511_SLC25A5_292,1,0,1,0,4,7
512_HIST1H2BK_85236,2,2,1,0,1,5
513_ZMIZ1_57178,27,9,9,14,11,31
514_NR2F2_7026,8,0,0,3,6,13
515_ACO2_50,25,7,7,8,7,21
516_TACSTD2_4070,7,3,3,1,4,8
517_NME3_4832,2,0,0,0,1,3
519_NBPF11_200030,16,2,5,6,7,23
52_RPS20_6224,2,2,1,1,0,1
520_PTGES3_10728,4,1,5,3,2,6
521_YTHDF2_51441,23,8,8,11,8,28
522_COX6A1_1337,1,0,0,1,1,1
523_TRMT5_57570,11,2,5,5,8,17
524_ACAA1_30,10,2,4,6,3,14
525_TAF7_6879,8,3,4,3,2,8
526_PDIA3_2923,13,4,5,6,7,21
527_PALM2-AKAP2_445815,25,7,7,12,9,29
528_CD81_975,5,0,0,3,0,2
529_BTBD6_90135,5,2,1,1,3,2
53_PABPC1_26986,23,6,8,5,9,26
530_NUDT4_11163,2,2,2,5,3,9
531_SMARCA4_6597,26,11,14,9,11,38
532_ACTN1_87,4,1,0,1,0,9
533_TMEM59_9528,4,0,4,3,6,7
534_MRPS24_64951,2,0,1,1,2,2
535_MKRN1_23608,29,12,12,12,13,34
536_MANF_7873,6,4,2,4,2,7
537_DGKD_8527,18,7,10,10,7,21
538_THRAP3_9967,25,9,12,11,16,30
539_MAML1_9794,31,7,12,13,12,29
54_P4HB_5034,15,5,6,10,9,24
540_CSTB_1476,4,1,0,4,2,8
541_LAGE3_8270,6,1,0,1,0,4
542_TM2D3_80213,4,0,1,1,1,2
543_RHOU_58480,2,1,3,4,3,10
544_MGST3_4259,0,0,1,1,0,0
545_MGEA5_10724,12,5,6,7,7,23
546_REXO2_25996,7,1,2,2,3,12
547_MTA1_9112,29,9,14,10,10,39
548_SCYL1_57410,16,9,4,8,6,15
549_REPIN1_29803,9,2,2,2,3,7
55_LAMP1_3916,11,3,2,8,3,12
550_TCEB1_6921,3,0,1,2,2,2
551_GNG10_2790,9,1,3,5,4,5
552_ADAR_103,20,7,11,8,11,26
553_METTL7A_25840,2,1,2,3,2,6
554_C17orf89_284184,1,0,1,1,3,0
555_RAD21_5885,14,3,6,5,7,14
556_POGZ_23126,24,11,6,11,16,32
557_CTDSP1_58190,15,3,6,5,3,13
558_SLC25A36_55186,4,0,1,1,1,5
559_BSDC1_55108,17,5,7,8,6,21
56_ALPK1_80216,23,5,12,12,15,28
561_DYNC1LI2_1783,11,4,4,6,4,14
562_COX17_10063,6,1,5,1,1,2
563_YWHAQ_10971,5,3,2,2,2,3
564_HIST2H2AC_8338,4,1,2,0,0,4
565_LRIG1_26018,16,4,5,7,7,18
566_MEAF6_64769,7,4,3,2,2,14
567_YWHAB_7529,9,3,4,6,8,12
568_CCNI_10983,11,3,2,3,5,11
569_NAP1L1_4673,12,2,4,8,5,16
57_FUT6_2528,8,5,3,6,2,9
570_RPLP0_6175,9,0,3,3,2,6
571_CMTM4_146223,10,0,0,3,0,4
572_DDIT4_54541,1,1,4,1,0,6
573_RBBP7_5931,10,4,4,6,6,10
574_SLC19A2_10560,4,0,3,2,2,7
575_NDUFA5_4698,6,1,5,2,4,5
576_H3F3B_3021,1,1,0,1,1,1
577_TMEM141_85014,3,1,0,0,1,2
578_WSB1_26118,14,5,6,7,5,13
579_FTH1_2495,8,3,5,3,3,15
58_RPL12_6136,6,2,0,1,2,4
580_HMGB1_3146,10,5,2,4,3,10
581_PDCD6IP_10015,27,6,8,11,12,29
582_BRK1_55845,2,1,2,1,1,2
583_RPL9_6133,1,1,1,0,1,6
584_TUBA1C_84790,8,3,3,5,1,11
585_RPS24_6229,2,2,2,1,2,8
586_PPP2CB_5516,5,4,2,1,4,11
587_BTF3_689,6,4,3,6,2,12
588_TPT1_7178,5,1,1,2,3,5
589_FDPS_2224,13,2,6,7,3,15
59_MLPH_79083,19,5,4,7,5,25
590_PSMA1_5682,7,3,3,3,3,11
591_ECHDC2_55268,5,1,3,4,3,7
592_NET1_10276,14,5,4,8,9,15
593_NUDT9_53343,12,3,5,6,3,14
594_HSBP1_3281,4,1,1,0,1,4
595_TMEM106C_79022,4,0,2,0,0,6
596_RPS23_6228,4,0,0,1,3,7
597_COMMD6_170622,0,1,0,0,0,1
598_GALNT7_51809,9,1,6,5,8,13
599_COX7A2L_9167,12,4,4,8,4,13
6_EPCAM_4072,6,3,1,6,5,10
60_RPL36A_6173,1,2,1,1,1,2
600_PYCR2_29920,5,1,1,0,1,6
601_DAD1_1603,3,0,1,1,1,2
602_REEP3_221035,5,2,3,4,2,9
603_PDCD7_10081,5,1,3,2,2,6
604_RPL10L_140801,3,0,1,2,2,3
605_YTHDF1_54915,22,6,11,14,11,26
606_UBL5_59286,2,0,1,1,0,4
607_C20orf30_29058,2,0,1,1,3,5
608_CCDC6_8030,26,9,11,10,14,38
609_HNRNPD_3184,21,7,9,12,8,27
61_KLC3_147700,20,6,7,10,10,28
610_USP9X_8239,32,10,14,16,16,41
611_KIAA1429_25962,23,11,13,8,10,32
612_ARHGAP1_392,10,4,6,4,4,19
613_FNBP4_23360,20,5,8,12,6,25
614_SNX3_8724,14,2,8,6,4,19
615_C14orf166_51637,18,6,8,6,7,17
616_GRP_2922,2,3,0,3,2,4
617_RDH11_51109,4,1,1,0,0,4
618_FKBP5_2289,14,3,6,7,5,16
619_NSUN2_54888,21,3,6,8,7,19
62_RPL39_6170,2,0,0,0,0,1
620_AGSK1_80154,2,3,1,3,1,2
621_CHP_11261,7,1,2,2,4,8
622_SNRPD1_6632,0,0,0,0,0,1
623_CKS2_1164,2,0,2,0,0,1
624_PHB2_11331,8,1,1,4,1,6
625_CNIH4_29097,0,0,0,2,0,2
626_GOLGA3_2802,29,8,11,14,10,34
627_TPI1_7167,11,0,3,4,4,12
628_NFIB_4781,22,6,11,5,13,27
629_RBM5_10181,18,5,11,8,10,21
630_AHCYL1_10768,5,1,3,9,5,15
631_HEXIM1_10614,13,5,2,4,6,18
632_NOS1_4842,22,8,9,10,9,23
633_USP54_159195,21,8,11,15,9,32
634_MRPL41_64975,9,1,1,1,1,5
635_GUCY1A3_2982,18,5,5,8,6,22
636_PRDX4_10549,5,4,2,1,0,4
637_MAGT1_84061,3,2,0,3,1,3
638_RYBP_23429,16,4,5,5,3,9
639_HECTD1_25831,29,13,10,15,12,38
64_COX6C_1345,0,0,0,1,0,1
640_VPS35_55737,14,4,4,3,4,12
641_TMSB4X_7114,0,0,0,1,2,0
642_ERH_2079,3,0,0,2,1,5
644_WASF2_10163,11,5,10,5,6,18
645_PGRMC2_10424,18,7,6,13,5,22
646_FASTK_10922,14,0,2,4,6,15
647_GOLGB1_2804,34,13,15,18,17,40
649_TCP1_6950,9,2,6,3,4,9
65_ZKSCAN1_7586,12,3,6,2,4,16
650_SQLE_6713,9,1,1,3,5,7
651_TSEN34_79042,6,2,0,3,3,10
652_HN1_51155,6,0,0,3,1,10
653_NUFIP2_57532,24,8,10,10,8,23
654_RPS3_6188,4,2,1,2,0,1
655_CCT2_10576,14,4,5,5,3,16
656_ANK3_288,34,13,16,17,17,42
657_LRPAP1_4043,12,4,1,5,5,14
658_CASC4_113201,15,1,5,7,5,17
659_DYNLT1_6993,7,2,3,2,3,6
66_FOXA1_3169,28,11,12,14,15,34
660_GRB10_2887,10,4,6,7,2,15
661_EDF1_8721,2,2,3,5,1,6
662_AUTS2_26053,28,11,12,16,13,38
663_ZFAND6_54469,10,3,3,2,3,15
664_AKT2_208,17,4,5,4,9,15
665_SLC2A4RG_56731,16,5,4,2,4,17
666_RRAGA_10670,5,1,1,1,1,2
667_RNF130_55819,4,5,2,5,1,7
668_EIF4A1_1973,6,1,3,4,3,9
669_IFT57_55081,13,3,3,7,4,17
67_VHL_7428,4,1,1,2,0,3
670_EID1_23741,7,4,1,1,2,7
671_C7orf55_154791,0,0,0,0,0,1
672_PTP4A1_7803,8,3,0,2,1,7
673_TMEM9B_56674,6,1,1,1,0,4
674_HIST1H2BL_8340,2,2,1,0,2,4
675_SOCS2_8835,4,1,1,4,2,5
676_EIF3A_8661,22,7,15,15,11,25
677_ZNF598_90850,22,9,7,7,9,25
678_TFF3_7033,2,0,0,0,1,2
679_SELS_55829,4,0,3,4,5,7
68_GNAS_2778,24,8,11,11,7,28
680_ZFP36L1_677,11,3,2,6,7,8
681_RPSA_3921,7,2,5,4,2,13
682_ARFGAP3_26286,18,7,9,7,9,20
683_MRPL3_11222,13,5,10,8,6,22
684_CRLS1_54675,5,0,2,0,0,4
685_ARIH2_10425,7,5,3,5,3,12
686_CLNS1A_1207,14,4,6,3,3,10
687_GTF2H5_404672,1,1,0,0,0,3
688_DEXI_28955,3,0,0,0,0,2
689_ROMO1_140823,0,0,0,1,0,0
69_HN1L_90861,2,0,0,2,2,6
690_ISCU_23479,6,1,1,1,4,8
691_SDF2L1_23753,0,1,1,0,3,2
692_ANAPC5_51433,14,3,3,6,4,17
693_ZMAT2_153527,9,8,5,6,3,13
694_GCN1L1_10985,32,8,11,14,11,32
696_ECI2_10455,19,6,8,8,7,28
697_N4BP2L2_10443,24,4,8,6,7,25
698_SF1_7536,21,6,10,12,8,24
699_RGPD5_84220,29,10,15,13,13,34
7_HDAC10_83933,6,1,5,1,2,10
70_RPL32_6161,3,1,1,0,1,3
700_CBX1_10951,8,2,1,2,7,9
701_ECI1_1632,6,3,2,0,3,7
702_ZNF395_55893,11,5,5,7,6,14
703_THEM5_284486,4,0,1,2,1,11
704_XRCC6_2547,15,6,9,3,4,16
705_TMEM14C_51522,1,0,0,2,1,2
706_CYHR1_50626,2,1,0,3,0,4
707_MORF4L1_10933,15,5,5,5,6,16
708_CYTH1_9267,14,6,6,3,7,17
709_NAMPT_10135,8,3,5,7,9,15
71_SERF2_10169,0,2,0,1,0,2
710_GPBP1_65056,17,9,10,10,10,24
711_ENY2_56943,4,2,4,4,3,6
712_HIST1H2AK_8330,4,1,2,0,0,2
713_SERBP1_26135,15,5,6,11,7,23
714_MYH9_4627,27,8,14,11,11,31
715_TMEM123_114908,15,4,2,4,7,14
716_GTF3C6_112495,10,3,1,3,5,5
717_REEP5_7905,4,2,0,4,1,4
718_HIST1H4C_8364,2,1,0,1,0,2
719_FAM156A_29057,9,3,3,1,7,15
720_SNRPC_6631,5,2,0,0,1,5
721_HADH_3033,11,6,6,7,6,16
722_NDUFAF3_25915,2,0,3,1,1,6
723_MRPS21_54460,0,1,0,1,0,1
724_CCT3_7203,12,4,1,2,5,8
725_GAA_2548,17,7,4,2,3,10
726_HIPK2_28996,23,6,12,9,8,21
727_JUN_3725,22,6,12,7,10,19
728_IFITM3_10410,1,0,0,2,1,3
729_HSPA8_3312,18,5,10,11,11,22
73_SORD_6652,6,6,3,3,1,10
730_ACAD9_28976,21,4,8,8,6,23
731_F5_2153,27,11,14,12,14,32
732_NUP62_23636,13,4,1,3,5,17
733_ZSCAN18_65982,12,2,4,6,4,13
734_MRPL51_51258,3,2,1,0,0,4
735_ATP6V1A_523,12,5,3,6,7,12
736_PMPCB_9512,11,4,4,8,4,10
737_DDX3X_1654,17,2,9,11,10,24
738_SPATS2L_26010,18,5,6,5,10,23
739_RGS10_6001,8,2,0,1,2,9
74_ZNF525_170958,1,0,1,1,0,0
740_PA2G4_5036,11,4,4,8,8,14
741_DDX5_1655,23,8,8,12,13,31
742_TSPAN3_10099,5,1,2,1,3,4
743_AK4_205,3,3,1,1,1,5
744_C21orf59_56683,5,1,2,3,1,5
745_DCXR_51181,7,0,0,2,1,0
746_S100A10_6281,4,2,3,2,0,10
747_TSPAN8_7103,4,0,1,0,1,4
748_C22orf28_51493,19,5,9,10,9,23
749_STEAP2_261729,11,5,4,3,5,9
75_RPS15A_6210,2,1,2,0,1,4
750_NACAP1_83955,6,2,3,3,4,8
751_TRAM1_23471,11,4,1,4,1,8
752_BCAP31_10134,6,5,3,4,2,10
753_NDUFB3_4709,1,1,2,1,2,6
754_AZGP1_563,20,5,9,8,7,26
755_EHF_26298,7,1,3,5,5,5
756_RNF7_9616,3,0,1,3,1,1
757_BAG1_573,8,2,2,3,4,6
758_C12orf23_90488,5,2,0,1,1,3
759_PSMD4_5710,12,3,5,3,6,16
76_RPL30_6156,0,1,2,1,0,3
760_TALDO1_6888,10,2,6,3,7,17
761_MCM3_4172,24,6,12,8,8,25
762_EIF3K_27335,9,2,3,2,2,3
763_SRP14_6727,2,3,1,2,4,5
764_ATP5J2_9551,1,0,0,1,3,2
765_ANKRD36_375248,33,14,13,16,16,39
766_RPS4Y2_140032,14,5,4,2,5,13
767_DDX50_79009,19,8,9,7,6,25
768_NUCKS1_64710,7,2,2,2,5,5
769_PRDX6_9588,10,2,2,1,2,10
77_SP100_6672,23,7,11,9,9,17
770_ODC1_4953,11,1,5,2,3,9
771_HNRNPR_10236,24,7,8,10,7,25
772_MARS_4141,21,7,9,9,7,30
773_PHF8_23133,23,3,8,7,10,26
774_CHCHD8_51287,2,2,2,1,1,10
775_KIAA2013_90231,8,4,6,3,2,11
776_PLA2G16_11145,7,2,6,1,5,14
778_FAM120AOS_158293,3,1,0,1,0,4
779_POLR2L_5441,1,0,1,0,1,1
78_RPL11_6135,1,0,2,0,2,4
780_MTRNR2L6_100463482,0,0,0,0,0,1
781_ATP1A1_476,20,5,8,9,10,18
782_MRPL20_55052,5,1,1,0,1,2
783_RAMP1_10267,0,0,0,2,1,0
784_FBL_2091,27,10,13,13,15,42
785_KRT10_3858,30,9,10,12,14,34
786_SNRPD2_6633,2,2,0,0,1,2
787_ERRFI1_54206,16,4,10,9,10,23
788_IVNS1ABP_10625,15,7,3,5,6,21
789_NDUFA6_4700,4,3,0,5,1,3
790_STK24_8428,15,5,6,6,5,18
791_HIST1H2BF_8343,2,2,1,0,1,5
792_PDDC1_347862,3,1,1,1,2,1
793_GNB1_2782,7,1,3,4,4,9
794_BOLA3_388962,1,1,0,2,2,1
795_UQCRC2_7385,15,3,4,9,7,13
796_DVL1_1855,13,2,5,5,6,16
797_MARCH6_10299,12,4,9,4,5,12
799_MAPRE1_22919,11,0,4,5,4,6
8_PDZD7_79955,9,1,2,2,5,11
80_RPL27A_6157,4,0,3,1,0,2
800_FAM129A_116496,14,5,10,12,6,18
801_GRSF1_2926,6,5,4,7,2,14
802_CPE_1363,15,5,8,5,6,18
803_LDHA_3939,16,3,3,3,4,14
804_ANAPC16_119504,3,0,0,3,0,4
805_WSB2_55884,3,0,3,1,3,4
806_CSDE1_7812,20,6,7,7,6,21
807_SNRPG_6637,3,1,0,1,0,3
808_NEDD8_4738,2,0,0,2,3,5
809_PDS5A_23244,29,7,10,14,10,32
81_RPS8_6202,4,2,1,1,0,4
810_DDT_1652,1,0,0,0,1,2
811_H3F3C_440093,0,2,0,1,1,2
812_CLTA_1211,14,0,6,5,5,15
813_RPS29_6235,0,0,0,0,0,0
814_CASP9_842,5,4,4,5,8,12
815_C4orf3_401152,1,0,2,0,1,2
816_ZFAND5_7763,5,2,1,2,3,6
817_KRT19_3880,18,5,5,6,7,23
818_ILF3_3609,32,12,11,14,16,40
819_ZFP36_7538,6,1,3,1,3,5
82_RPL10_6134,8,2,5,2,3,6
820_MON1B_22879,8,2,2,3,3,9
821_RBM39_9584,9,4,5,9,5,11
822_RPS27L_51065,0,0,0,0,0,1
823_UBE2E3_10477,1,1,2,1,0,4
824_TCEAL8_90843,3,0,4,1,2,5
825_ENAH_55740,15,7,7,9,10,17
826_RSRC2_65117,1,0,0,0,0,3
827_PRR11_55771,3,2,1,1,1,5
828_HEBP1_50865,4,0,3,1,1,7
829_RABGGTB_5876,7,2,3,2,6,7
830_ZNF664_144348,3,1,0,3,2,5
831_CCT7_10574,12,1,7,7,2,13
832_RPL3_6122,8,4,5,1,6,12
833_ZMPSTE24_10269,4,4,2,2,2,6
834_SRSF4_6429,10,3,4,4,5,14
835_AFTPH_54812,25,9,11,15,10,29
836_TBRG1_84897,6,2,5,3,6,9
837_BBX_56987,23,6,5,10,6,20
838_GUSB_2990,19,2,5,6,6,20
839_IL13RA1_3597,29,9,9,12,14,33
84_SAT1_6303,6,0,1,0,1,3
840_HIST1H2AM_8336,4,1,2,0,0,2
841_ASNS_440,9,1,6,3,3,11
842_NEURL1B_54492,13,2,3,1,3,11
843_DDB1_1642,20,5,8,6,7,20
844_FNBP1L_54874,18,8,9,9,7,23
845_FAM127B_26071,1,2,0,0,2,2
846_PHPT1_29085,2,1,2,1,2,4
847_TMC5_79838,15,8,8,8,7,20
848_ITM2B_9445,7,2,4,5,2,7
849_BASP1_10409,12,4,5,3,10,12
85_RPL38_6169,4,1,1,2,0,5
850_IAH1_285148,5,1,1,3,3,11
852_RAI1_10743,32,10,14,15,14,37
853_NBR1_4077,14,5,7,6,7,19
854_SORL1_6653,26,12,9,12,13,29
855_PDCD4_27250,13,5,4,3,4,18
856_HES1_3280,12,3,3,5,6,20
857_RPL15_6138,0,0,0,0,0,2
858_LUC7L2_51631,2,0,0,0,0,1
859_KIAA1522_57648,24,7,6,10,8,28
86_MCL1_4170,26,9,7,16,11,30
861_PNN_5411,8,2,4,6,5,12
862_UBE2N_7334,2,0,0,0,1,2
863_C11orf83_790955,5,2,4,3,3,12
864_ATP5J_522,4,2,1,2,4,6
865_PSME1_5720,11,1,4,3,4,9
866_MYL12A_10627,10,4,5,3,2,10
867_KHDRBS1_10657,13,3,3,4,6,15
868_MPZL1_9019,5,1,2,2,2,6
869_COX7B_1349,4,0,4,1,3,4
87_NBEAL1_65065,6,2,0,1,2,4
870_CBX3_11335,4,2,0,4,2,8
871_SEC13_6396,5,1,1,5,4,5
872_RASD1_51655,11,5,5,1,5,14
873_SHROOM3_57619,33,8,14,13,15,38
874_C15orf24_56851,5,3,3,3,1,9
875_FNTA_2339,15,7,7,5,3,17
876_SON_6651,28,9,12,9,12,29
877_KCTD3_51133,12,6,6,8,6,20
878_FTL_2512,4,2,5,3,1,6
879_CREB3L4_148327,8,5,3,3,7,21
88_RPL22_6146,5,1,2,5,2,7
880_TMEM205_374882,0,1,0,0,1,4
881_PYCR1_5831,3,1,0,0,4,5
882_ARL8B_55207,6,1,5,1,2,6
883_UBE2C_11065,3,2,1,4,1,6
884_SAP18_10284,4,3,3,2,0,3
885_TBCD_6904,24,8,10,9,9,23
886_SUN1_23353,15,4,8,9,8,21
887_DNAJC10_54431,18,6,6,10,10,13
888_CKS1B_1163,5,0,0,0,2,5
889_CSNK1E_1454,14,6,6,6,8,18
89_PTMA_5757,4,1,4,2,1,6
890_RRAGC_64121,27,11,8,12,14,35
891_PTPLAD1_51495,7,1,2,3,3,9
892_PPIAL4A_164022,17,5,8,6,5,18
893_UPF1_5976,31,13,14,18,16,43
894_PPP1R16A_84988,9,1,1,6,1,12
895_LOC100170939_100170939,2,0,1,1,1,4
896_PTCD3_55037,17,7,7,11,7,22
897_HNRNPA1L2_144983,20,4,10,11,11,22
898_FAM36A_116228,1,1,0,3,1,0
899_RNF103_7844,12,6,5,7,4,13
9_RAX2_84839,6,0,1,1,1,9
90_TXNIP_10628,9,3,1,3,3,11
900_EIF4EBP2_1979,2,1,1,2,1,4
901_WAC_51322,31,10,11,10,12,33
902_LSS_4047,14,6,10,6,11,22
903_AHSA2_130872,16,3,6,9,3,19
904_FAM108C1_58489,8,2,4,4,5,16
905_MKL2_57496,32,10,11,15,14,32
906_GTF3A_2971,5,2,1,3,0,7
907_ACADVL_37,13,2,4,5,3,11
908_LOC152217_152217,2,0,1,1,0,3
909_RNF149_284996,10,4,2,0,2,10
91_PMEPA1_56937,4,0,3,4,4,1
910_KIAA1191_57179,9,5,3,5,3,14
911_SRI_6717,14,6,4,8,9,25
912_EIF2B1_1967,12,1,3,4,5,12
913_NONO_4841,7,1,8,6,9,16
914_TXNL4A_10907,12,1,1,4,1,10
915_SMS_6611,8,2,3,8,3,10
916_SUMO2_6613,0,0,3,1,0,4
917_VPS37C_55048,12,1,3,3,5,10
918_MT1G_4495,0,0,0,0,0,0
919_HADHB_3032,18,4,7,4,6,15
92_WDR45L_56270,6,1,2,2,1,5
920_KRTCAP3_200634,2,0,0,1,2,3
921_RANBP9_10048,21,3,9,9,6,26
922_CEP95_90799,21,9,6,10,12,29
923_MRPS6_64968,1,1,2,0,2,1
924_IRX3_79191,24,8,13,15,12,34
925_COX6B1_1340,0,0,2,1,3,1
926_VPS28_51160,7,1,4,1,4,4
927_FKBP9_11328,12,4,4,3,7,11
928_LOC653061_653061,14,5,6,6,7,16
929_SPARCL1_8404,14,4,5,6,5,12
93_PABPC3_5042,19,6,5,5,10,20
930_CEBPB_1051,14,3,2,5,7,15
931_SPTSSA_171546,1,0,0,0,0,1
932_ATP6V0B_533,3,0,0,1,1,3
933_VCP_7415,21,3,8,6,10,19
934_UBB_7314,2,1,2,1,0,2
935_HIPK3_10114,19,7,8,6,5,25
936_SESN3_143686,10,3,2,4,8,12
937_MYL6_4637,24,10,11,13,11,30
938_HMGN1_3150,4,1,0,1,0,9
939_RNF220_55182,12,2,1,4,7,12
94_SMN1_6606,5,2,0,3,3,9
940_LIMCH1_22998,21,5,9,8,5,35
941_PSMC1_5700,13,3,7,5,5,12
942_DNAJA1_3301,19,8,5,7,10,26
943_CALM1_801,9,4,6,8,5,15
944_TXNDC17_84817,5,2,1,1,3,6
945_ANKRA2_57763,12,1,1,2,1,6
946_NKTR_4820,26,9,13,10,11,31
947_HSD17B12_51144,13,1,4,4,6,12
948_IMMT_10989,15,3,5,10,7,23
949_DNAJB6_10049,24,8,10,12,12,33
95_AHNAK_79026,35,13,13,16,15,39
950_LOC100287195_100287195,4,3,0,2,0,9
951_ENTPD6_955,6,1,5,3,3,7
952_MYEOV2_150678,3,0,5,1,3,4
953_AP3S1_1176,5,1,4,4,7,7
954_FAM177A1_283635,6,3,7,2,1,9
955_TCEA1_6917,13,4,3,4,2,9
956_RBM14_10432,18,8,7,10,7,20
957_COPB2_9276,17,4,8,11,8,21
958_SAT2_112483,0,0,3,1,2,2
959_NCOR2_9612,33,11,14,15,16,40
96_ND1_4535,28,11,14,14,14,35
960_SEPT2_4735,12,4,2,6,4,13
961_GGA1_26088,21,8,10,11,7,25
962_INSIG1_3638,2,2,0,2,2,6
963_MUT_4594,30,9,14,12,10,32
964_C20orf24_55969,0,1,0,2,0,3
965_DAZAP1_26528,16,4,4,8,7,14
966_TARS_6897,20,7,11,10,12,22
967_FAM111A_63901,19,7,6,5,5,19
968_CXCR4_7852,3,2,1,3,1,5
969_C8orf4_56892,5,2,1,1,0,9
97_HINT1_3094,2,0,2,1,0,3
970_S100P_6286,8,1,0,6,5,11
971_RNH1_6050,7,1,5,2,3,13
972_AK2_204,4,1,4,3,3,9
973_TTC19_54902,4,2,4,3,4,5
974_EIF3L_51386,14,5,2,5,6,20
975_AGT_183,15,2,4,2,4,14
976_FOXP1_27086,24,5,7,8,10,27
977_SECISBP2_79048,18,4,8,8,9,18
978_CHERP_10523,19,3,6,3,9,23
979_RPS2_6187,3,4,2,4,4,11
98_TXN_7295,11,2,1,3,5,9
980_ZDHHC7_55625,2,2,0,1,0,3
981_HIST3H2A_92815,5,1,1,0,0,2
982_MRPL32_64983,4,0,0,1,1,6
983_PURB_5814,20,2,5,4,4,20
984_ATXN2L_11273,30,5,12,13,11,30
985_CALD1_800,26,8,9,10,12,33
986_IFI30_10437,7,0,2,3,1,5
987_DDX47_51202,9,6,5,4,4,13
988_FOLH1B_219595,11,3,1,6,5,12
989_HSD17B4_3295,17,3,7,9,6,19
99_RPS18_6222,4,2,1,1,3,4
990_AKAP9_10142,34,14,15,18,16,43
991_TSFM_10102,5,1,1,2,2,10
992_POLR2F_5435,3,1,3,1,4,1
993_CAMK2N1_55450,7,3,2,2,2,7
994_GAR1_54433,23,8,8,10,9,31
995_EED_8726,9,5,8,5,2,17
996_GPR56_9289,8,2,4,2,4,8
997_ZNF275_10838,13,4,4,5,4,9
998_SLC38A10_124565,28,9,13,13,13,36
999_MRP63_78988,2,0,0,1,1,0
ADT12,2,0,0,0,1,4
ADT14,22,9,12,14,12,35
ADT2,26,5,11,15,8,27
ADT20,14,4,5,5,5,12
ADT26,30,9,13,12,13,38
ADT28,4,1,2,4,0,4
ADT3,14,9,7,7,6,20
ADT5,3,1,0,1,0,2
ADT6,23,8,13,10,8,29
ADT9,24,6,8,14,12,24
ANO1_AS1_T062911_G014510_1_447_1019_573,4,0,2,0,1,6
ANO1_AS1_T062911_G014510_2_398_895_498,7,4,1,2,1,4
ANT_and_LNCRNA_REDUNDANT,13,0,3,4,4,12
BOLA3_AS1_T191973_G044207_1_1427_1822_396,0,0,0,1,2,2
CALML3_AS1.5_T036343_G008259_1_479_1162_684,3,2,1,1,1,6
CALML3_AS1.5_T036343_G008259_2_385_1059_675,2,1,0,1,1,3
CAT101.1_T018833_G004234_1_60_443_384,4,0,1,2,3,7
CAT101.1_T018833_G004234_2_3525_3788_264,0,1,0,2,0,1
CAT1111_T352722_G083290_1_456_1667_1212,5,1,0,0,0,5
CAT1111_T352722_G083290_2_589_1626_1038,2,0,0,1,0,2
CAT1144.1_T359193_G084753_1_929_1768_840,6,2,0,3,1,2
CAT1144.1_T359193_G084753_2_1180_1539_360,1,1,0,2,0,1
CAT1144.2_T359194_G084753_1_929_1768_840,6,2,0,3,1,2
CAT1144.2_T359194_G084753_2_1180_1539_360,1,1,0,2,0,1
CAT1367_T060449_G014057_1_30_1331_1302,11,2,6,7,5,11
CAT1367_T060449_G014057_2_532_807_276,8,2,3,6,2,14
CAT1378.2_T062242_G014366_1_2018_2641_624,2,0,3,0,0,3
CAT1378.2_T062242_G014366_2_321_602_282,4,1,0,3,1,4
CAT1449.1_T070828_G016390_1_238_720_483,2,2,1,2,0,4
CAT1449.1_T070828_G016390_2_401_652_252,3,0,0,0,1,2
CAT1452.1_T071276_G016478_1_93_788_696,6,1,1,1,1,5
CAT1452.1_T071276_G016478_2_2995_3228_234,0,1,0,0,0,0
CAT1454_T071522_G016513_1_1122_1892_771,4,1,1,5,4,5
CAT1454_T071522_G016513_2_208_708_501,1,2,1,2,2,1
CAT151.3_T027960_G006287_1_2942_3769_828,8,1,2,5,5,9
CAT151.3_T027960_G006287_2_15387_15731_345,2,4,0,2,2,5
CAT1571_T086563_G020094_1_281_976_696,5,1,3,4,3,8
CAT1571_T086563_G020094_2_2344_2601_258,0,0,0,0,0,0
CAT1651_T102861_G024234_1_1199_1891_693,1,0,1,1,1,2
CAT1651_T102861_G024234_2_3561_3842_282,0,0,0,1,0,1
CAT1686_T107057_G025268_1_5122_5934_813,4,1,0,2,5,8
CAT1686_T107057_G025268_2_4537_5037_501,1,2,0,1,0,1
CAT1852.2_T132489_G031083_1_3501_3875_375,0,1,0,0,0,0
CAT1852.2_T132489_G031083_2_524_799_276,0,0,0,0,0,0
CAT1881.1_T137363_G032189_1_2163_2987_825,0,1,1,2,3,5
CAT1881.1_T137363_G032189_2_3118_3387_270,4,2,0,2,3,6
CAT1917.2_T144453_G033626_1_2303_2959_657,6,0,2,2,0,3
CAT1917.2_T144453_G033626_2_1532_2110_579,9,3,5,1,1,7
CAT1941.1_T148927_G034563_1_3496_4026_531,7,2,3,1,3,5
CAT1941.1_T148927_G034563_2_4305_4745_441,0,1,1,0,1,2
CAT1942_T149369_G034642_1_6407_7270_864,3,3,3,3,1,4
CAT1942_T149369_G034642_2_6951_7271_321,1,0,0,0,0,2
CAT1968.2_T153055_G035480_1_1286_1960_675,1,0,0,0,0,1
CAT1968.2_T153055_G035480_2_2275_2736_462,4,1,2,3,5,5
CAT2217.1_T227650_G052508_1_19198_20361_1164,0,1,0,0,0,0
CAT2217.1_T227650_G052508_2_19310_20443_1134,0,0,0,0,0,0
CAT2217.3_T227648_G052508_1_18572_19735_1164,0,1,0,0,0,0
CAT2217.3_T227648_G052508_2_18684_19817_1134,0,0,0,0,0,0
CAT2217.4_T227647_G052508_1_13832_14995_1164,0,1,0,0,0,0
CAT2217.4_T227647_G052508_2_13944_15077_1134,0,0,0,0,0,0
CAT239_T189457_G043567_1_3047_3727_681,11,2,6,4,5,9
CAT239_T189457_G043567_2_1778_2185_408,1,0,2,2,1,1
CAT297_T196839_G045377_1_2510_3112_603,3,2,1,2,1,2
CAT297_T196839_G045377_2_1163_1555_393,2,1,2,2,1,3
CAT306.5_T198267_G045736_1_5067_5474_408,2,1,0,1,5,4
CAT306.5_T198267_G045736_2_4738_5097_360,0,1,2,1,0,0
CAT446.1_T250066_G057497_1_562_1254_693,2,2,3,2,0,4
CAT446.1_T250066_G057497_2_4427_4768_342,1,2,2,0,0,3
CAT505.1_T259126_G059652_1_37_678_642,15,4,5,6,8,21
CAT505.1_T259126_G059652_2_3064_3537_474,12,5,3,5,6,11
CAT505.2_T259129_G059652_1_31_672_642,15,4,5,6,8,21
CAT505.2_T259129_G059652_2_3044_3517_474,12,5,3,5,6,11
CAT583_T271074_G062826_1_2272_2871_600,5,1,2,0,2,3
CAT583_T271074_G062826_2_704_1135_432,1,0,0,0,1,3
CAT625.2_T275901_G064124_1_899_2041_1143,2,1,0,0,1,2
CAT625.2_T275901_G064124_2_2580_3158_579,3,0,1,0,1,3
CAT634.1_T277460_G064362_1_1422_2105_684,3,1,0,3,2,6
CAT634.1_T277460_G064362_2_111_689_579,6,1,1,3,0,7
CAT634.2_T277464_G064362_1_1098_1781_684,3,1,0,3,2,6
CAT634.2_T277464_G064362_2_3025_3492_468,4,4,2,4,5,9
CAT668.2_T283555_G066082_1_5822_6478_657,6,1,4,5,4,8
CAT668.2_T283555_G066082_2_6783_7376_594,3,0,0,0,2,2
CAT721_T289517_G067689_1_1083_1535_453,4,0,2,1,1,4
CAT721_T289517_G067689_2_860_1204_345,0,0,0,0,0,2
CAT86_T016624_G003715_1_534_1100_567,3,0,2,2,1,5
CAT86_T016624_G003715_2_1073_1276_204,3,1,2,2,0,2
CAT989_T334872_G078524_1_319_849_531,11,1,5,6,3,9
CAT989_T334872_G078524_2_50_364_315,1,1,0,0,2,3
CTA1,3,0,3,1,3,8
CTA10,1,1,1,1,2,7
CTA11,16,8,9,5,6,19
CTA12,3,0,0,2,2,4
CTA13,12,2,6,2,5,11
CTA14,0,2,1,3,1,2
CTA15,3,2,2,2,1,6
CTA16,2,2,2,1,3,4
CTA17,10,2,2,4,2,3
CTA18,14,4,5,8,5,12
CTA19,5,1,1,2,3,5
CTA2,17,5,10,9,8,18
CTA20,3,2,1,2,2,9
CTA21,11,1,2,6,7,13
CTA22,10,3,3,5,4,8
CTA23,8,3,7,4,2,12
CTA24,7,2,2,2,2,7
CTA25,7,0,0,0,3,3
CTA26,3,0,0,0,2,1
CTA27,6,3,4,6,4,8
CTA28,4,2,0,3,1,3
CTA3,12,4,4,3,3,11
CTA4,5,0,0,0,1,2
CTA5,7,4,4,4,4,9
CTA6,11,4,9,2,5,18
CTA7,4,2,2,3,1,7
CTA8,0,0,0,1,0,1
CTA9,13,4,5,3,1,8
FAM83H_AS1.1_T353730_G083462_1_965_1774_810,6,0,2,0,3,5
FAM83H_AS1.1_T353730_G083462_2_769_1248_480,6,1,2,2,0,4
FAM83H_AS1.5_T353728_G083462_1_2453_3277_825,5,1,1,5,4,13
FAM83H_AS1.5_T353728_G083462_2_5957_6766_810,6,0,2,0,3,5
FBXL19_AS1_T130509_G030577_1_4499_4918_420,4,4,1,4,3,9
FBXL19_AS1_T130509_G030577_2_595_960_366,2,0,1,3,2,7
FGD5_AS1.2_T238556_G054780_1_2671_2889_219,1,0,0,0,2,2
FGD5_AS1.2_T238556_G054780_2_2946_3134_189,0,0,0,0,0,2
LINC00086_T380530_G090147_1_2221_2550_330,1,1,2,1,3,2
LINC00086_T380530_G090147_2_1384_1710_327,3,1,1,1,0,1
LINC00087_T380486_G090134_1_1429_1728_300,4,1,2,2,0,1
LINC00087_T380486_G090134_2_2141_2407_267,0,1,2,0,2,0
LINC00675.1_T141810_G033025_1_309_497_189,0,0,0,0,0,1
LINC00675.1_T141810_G033025_2_188_358_171,1,0,1,2,0,2
LINC00675.4_T141809_G033025_1_1138_1524_387,2,1,0,2,1,3
LINC00675.4_T141809_G033025_2_421_750_330,1,0,1,0,1,3
MAFG_AS1.1_T156740_G036152_1_2503_3105_603,2,0,2,1,1,6
MAFG_AS1.1_T156740_G036152_2_116_637_522,5,1,0,2,4,1
MIR205HG.2_T029617_G006597_1_387_779_393,1,1,0,0,0,2
PCA10,15,3,4,6,7,16
PCA11,12,6,6,8,7,15
PCA13,31,12,11,16,15,38
PCA14,21,7,6,8,10,24
PCA19,11,4,6,1,6,17
PCA22,14,4,8,7,3,17
PCA27,9,7,7,5,5,16
PCA29,21,10,7,8,9,25
PCA6,25,10,10,11,15,29
PCA7,18,4,8,5,6,19
PCAT1_T351126_G082910_1_3108_3569_462,6,3,0,1,0,3
PCAT1_T351126_G082910_2_1371_1655_285,2,1,0,0,0,7
PRCA_REDUNDANT,31,11,15,12,16,38
PRCAT104.1_T230582_G053084_1_496_2364_1869,21,8,8,6,8,22
PRCAT104.1_T230582_G053084_2_4907_5623_717,8,2,4,1,3,7
PRCAT104.3_T230574_G053084_1_1598_3466_1869,21,8,8,6,8,22
PRCAT104.3_T230574_G053084_2_6009_6725_717,8,2,4,1,3,7
PRCAT104.4_T230577_G053084_1_1393_2109_717,8,2,4,1,3,7
PRCAT104.4_T230577_G053084_2_3913_4350_438,1,0,0,0,0,0
PRCAT104.5_T230585_G053084_1_588_2456_1869,21,8,8,6,8,22
PRCAT104.5_T230585_G053084_2_4999_5715_717,8,2,4,1,3,7
PRCAT104.7_T230583_G053084_1_519_2387_1869,21,8,8,6,8,22
PRCAT104.7_T230583_G053084_2_4930_5646_717,8,2,4,1,3,7
PRCAT105.1_T088591_G020554_1_2942_3247_306,0,1,0,0,0,1
PRCAT105.1_T088591_G020554_2_1954_2223_270,7,1,3,3,0,10
PRCAT11.3_T317393_G074313_1_1665_2435_771,2,2,1,0,2,7
PRCAT11.3_T317393_G074313_2_1181_1723_543,5,1,0,1,3,7
PRCAT116_T182782_G041985_1_685_1521_837,1,0,0,0,0,0
PRCAT116_T182782_G041985_2_2888_3328_441,2,1,0,0,0,3
PRCAT134_T229254_G052821_1_4848_5438_591,4,0,3,1,4,9
PRCAT134_T229254_G052821_2_1505_2056_552,2,0,2,2,1,5
PRCAT139_T035222_G008006_1_1922_2554_633,0,2,1,2,1,4
PRCAT139_T035222_G008006_2_2852_3289_438,5,4,1,1,0,6
PRCAT182_T137385_G032197_1_4841_5419_579,1,0,0,1,0,2
PRCAT182_T137385_G032197_2_5188_5577_390,2,0,3,0,0,1
PRCAT188.2_T382727_G090657_1_4263_4976_714,9,4,5,5,8,12
PRCAT188.2_T382727_G090657_2_1887_2474_588,12,2,3,3,5,17
PRCAT191_T211082_G048869_1_5688_6299_612,9,3,3,5,3,15
PRCAT191_T211082_G048869_2_6825_7370_546,1,1,0,0,2,2
PRCAT193_T143309_G033348_1_7398_8183_786,10,2,3,3,4,18
PRCAT193_T143309_G033348_2_5577_6215_639,1,0,2,2,1,2
PRCAT236_T273012_G063396_1_1305_2057_753,4,3,1,0,2,4
PRCAT236_T273012_G063396_2_1244_1561_318,1,0,0,0,0,0
PRCAT274_T052636_G012194_1_1430_2524_1095,5,1,2,2,2,8
PRCAT274_T052636_G012194_2_1581_1985_405,2,0,2,2,0,2
PRCAT28.1_T183157_G042036_1_3585_4718_1134,2,0,1,3,1,1
PRCAT28.1_T183157_G042036_2_4136_5131_996,2,1,3,0,1,5
PRCAT28.4_T183159_G042036_1_1382_2515_1134,2,0,1,3,1,1
PRCAT28.4_T183159_G042036_2_1933_2928_996,2,1,3,0,1,5
PRCAT297_T126437_G029520_1_1983_2522_540,0,0,0,0,0,0
PRCAT297_T126437_G029520_2_3734_4096_363,1,1,1,0,0,1
PRCAT3.1_T183162_G042038_1_6945_7547_603,2,2,0,0,1,1
PRCAT3.1_T183162_G042038_2_7615_8046_432,6,0,0,0,0,3
PRCAT41_T315818_G074087_1_5955_6662_708,10,0,1,2,3,4
PRCAT41_T315818_G074087_2_4464_4820_357,0,1,1,1,0,1
PRCAT67_T183175_G042042_1_16548_18869_2322,3,1,1,1,0,2
PRCAT67_T183175_G042042_2_16882_18090_1209,2,1,1,0,0,3
PRO10,5,2,1,5,1,7
PRO11,10,5,1,3,4,12
PRO14,35,15,14,17,17,43
PRO16,8,2,1,0,3,12
PRO18,25,5,13,14,10,30
PRO23,34,12,15,18,14,44
PRO25,17,4,9,7,9,24
PRO29,20,6,9,8,7,27
PRO3,15,2,6,8,4,17
PRO30,25,9,10,12,12,33
PRO31,12,5,4,4,4,18
PRO37,29,10,11,14,14,31
PRO38,17,3,9,12,7,20
PRO40,15,4,4,8,5,19
SPATA41_T123512_G029083_1_801_1718_918,3,0,0,2,2,3
SPATA41_T123512_G029083_2_2954_3229_276,2,1,2,3,2,2
